EAS-NA18534-h2	>1>2>3>4>5>2>3>4>5<6<5<4<3<2>6<5<4<3<2>7>8
AMR-HG01114-h2	>1>2>3>4>2>3>4>5<6<5<4<3<2>6<5<4<3<2>7>8
SAS-HG03683-h1	>1>2>3>4>2>3>4>5>6<5<4<3<2>7>8
SAS-HG03683-h2	>1>2>3>4>5<6>2>3>4>5>6<5<4<3<2>6<4>3>2>7>8
EAS-HG00513-h1	>1>2>3<7>2>3>4>5<6>2>3>4>5>6<5<4<3<2>6<4<3<2>7>8
EUR-NA12878-h1	>1>2>3>4>2>3>4>5>6<5<4<3<2>6<5<4<3<2<4<3<2>7>8
EAS-HG00513-h2	>1>2>3<7>2>3>4>5<6>2>3>4>5>6<5<4<3<2>6<4<3<2>7>8
EUR-NA12878-h2	>1>2>3>4>2>3>4>5>6<5<4<3<2>6<5<4<3<2>7>8
AFR-HG03065-h1	>1>2>3>4>5<6>3>4>5>6<4<3<2<4<3>6<4<3<2>7>8
AFR-HG03065-h2	>1>2>3>4>2>3<7>3>4>6<4<3<2<4<3>6<4<3<2>7>8
EAS-HG00512-h1	>1>2>3<7>2>3>4>5>6<5<4<3<2>6<4<3<2>7>8
AFR-HG03371-h1	>1>2>3>4>2>3>4<6>3>4>5<6<4<3<2>6<4<3<2<4<3<2>7>8
EAS-HG00512-h2	>1>2>3>4>5<6>2>3>4>5>6<5<4<3<2>6<4>3>2>7>8
AFR-HG03371-h2	>1>2>3>4>2>3<7>3>4>5>6<5<4<3<4<3<2>7>8
EAS-HG01596-h1	>1>2>3<7>2>3>4>5>6<5<4<3<2>7>8
AMR-GM19650-h1	>1>2>3>4>5<6<5<4<3<2<4<3<2>7<3<2<4<3<2>7>8
EAS-HG01596-h2	>1>2>3<7>2>3>4>5>6<5<4<3<2>6<4<3<2>7>8
AMR-GM19650-h2	>1>2>3>4>2>3>4>5>6<5<4<3<2>7<3<2<4<3<2>7>8
SAS-HG02492-h1	>1>2>3>4>2>3>4>5>6<5<4<3<2>6<5<4<3<2<4<3<2>7>8
EUR-HG00096-h1	>1>2>3<7>2>3>4>5<6<5<4<3<2>6<4<3<2>7>8
EUR-GM20509-h1	>1>2>3>4>5>6<5<4<3<2>6<4<3<2>7>8
SAS-HG03732-h1	>1>2>3>4>2>3>4>5>6<5<4<3<2>7>8
SAS-HG02492-h2	>1>2>3>4>2>3>4>2>3>4>5>6<4<3<2>6<5<4<3<2<4<3<2>7>8
EUR-HG00096-h2	>1>2>3>4>5>2>3>4<6<5<4<3<2>7>8
EUR-GM20509-h2	>1>2>3<7<6>2>3>4>5>6<5<4<3<2>6>7<3<2<4<3<2>7>8
SAS-HG03732-h2	>1>2>3>4>5>6<5<4<3<2>6<4<3<2>7>8
EAS-GM00864-h1	>1>2>3<7>2>3>4>5>6<5<4<3<2>6<4<3<2>7>8
EAS-GM00864-h2	>1>2>3>4>2>3>4>5>6<5<5<5<4<3<2>7>8
EAS-HG02018-h1	>1>2>3<7>2>3>4>5>6<5<4<3<2>6<4<3<2>7>8
EAS-HG02018-h2	>1>2>3<7>2>3>4>5>6<5<4<3<2>6<4<3<2>7>8
AFR-NA19036-h1	>1>2>3<4>5>6<5<4<3<2>7<3<2<4<3<2>7>8
AFR-NA19036-h2	>1>2>3<7>3>4>5>6<4<3<2<4<3>6<4<3<2>7>8
EUR-HG00171-h1	>1>2>3>4>2>3>4>5>6<5<4<3<2>6<4<3<2>7>8
SAS-HG03009-h1	>1>2>3<7>2>3>4>5>6<5<4<3<2>6<4<3<2>7>8
EUR-HG00171-h2	>1>2>3<7>5>2>3>4>5>2>3>4>6<5<4<3<2>7>8
SAS-HG03009-h2	>1>2>3>4>5>2>3>4>5<6<5<4<3<2>7>8
AFR-HG02011-h1	>1>2>3>4>2>3>4<6<5<4<3<2<4<3<2>7>8
AFR-HG02011-h2	>1>2>3<7<6>3>4>5<6<5<4<3<2<4<3<2>7>8
AFR-HG02587-h1	>1>2>3>4>2>3>4<6<4<3<2>6<5<4<3<2<4<3<2>7>8
EUR-HG01505-h1	>1>2>3<7>2>3>4>5>6<5<4<3<2>6<4<3<2>7>8
AFR-HG02587-h2	>1>2>3>4>2>3<7<6>2>3>4>5<6<5<4<3<2>7>8
AFR-NA19983-h1	>1>2>3>4>2>3>4>5>6<5<4<3<2>7<3<2>7>8
EUR-HG01505-h2	>1>2>3>4>2>3>4>5>2>3>4>5<6<5<4<3<2>7>8
AMR-HG00733-h1	>1>2>3<7>2>3>4>5>6<5<4<3<2>7>8
AFR-NA19983-h2	>1>2>3>4>2>3>4<6>2>3>4>5<6>2>3>4>6<5<4<3<2<4<3<2>7>8
AMR-HG00733-h2	>1>2>3>4>5>6<4<3<2>6<5<4<3<2>7>8
AFR-NA19239-h1	>1>2>3<7>2>3>4>5>6<5<4<3<2>7>8
AFR-NA19239-h2	>1>2>3>4>2>3>4>2>3<7<6>2>3>4>5<6<5<4<3<2<4<3<2>7>8
AMR-HG00732-h1	>1>2>3>4>5>6<4<3<2>6<5<4<3<2>7>8
AMR-HG00732-h2	>1>2>3>4>2>3>4>2>3>4>5>6<5<4<3<2<4<3<2>7>8
SAS-GM20847-h1	>1>2>3>4>5<6<5<4<3<2>6<5<4<3<2>6<5<4<3<2>7>8
SAS-GM20847-h2	>1>2>3>4>2>3>4>5>6<5<5<4<3<2>6<4<3<2>7>8
cmh13	>1>2>3>4>2>3>4>5>6<5<4<3<2>7>8
AMR-HG00731-h1	>1>2>3<7>2>3>4>5>6<5<4<3<2>7>8
AMR-HG00731-h2	>1>2>3<7>2>3>4>5<6<5<4<3<2>6<4<3<2>7>8
AFR-NA19238-h1	>1>2>3>4>2>3>4<6<4<3<2>6<5<4<3<2<4<3<2>7>8
AFR-NA19238-h2	>1>2>3>4>5<6>2>3>4>5<6<5<4<3<2<4<3<2>7>8
EUR-GM12329-h1	>1>2>3>4>5>6<5<4<3<2>6<4<3<2>7>8
EUR-GM12329-h2	>1>2>3>4>2>3>4>5>6<5<4<3<2>7>8
EAS-HG00514-h1	>1>2>3>4>5<6>2>3>4>5>6<5<4<3<2>6<4>3>2>7>8
EAS-HG00514-h2	>1>2>3<7>2>3>4>5>2>3>4>5>6<5<4<3<2>6<4<3<2>7>8
AFR-NA19240-h1	>1>2>3>4>5<6>2>3>4>5<6<5<4<3<2<4<3<2>7>8
AMR-HG01573-h1	>1>2>3>4>5>6<5<4<3<2>6<5<4<3<2<4<3<2>7>8
AFR-NA19240-h2	>1>2>3<7>2>3>4>5>6<5<4<3<2>7>8
AMR-HG01573-h2	>1>2>3<7>2>3>4>5<4<3<2<5<4<3<2>7>8
EAS-GM18939-h1	>1>2>3<7>2>3>4>5>6<5<4<3<2>6<4<3<2>7>8
EAS-NA18534-h1	>1>2>3<7>2>3>4>5>6<5<4<3<2>6<4<3<2>7>8
EAS-GM18939-h2	>1>2>3<7>2>3>4>6<5<4<3<2>6<4<3<2>7>8
AMR-HG01114-h1	>1>2>3<7>2>3>4>5>6<5<4<3<2>6<4<3<2>7>8
